id,ÌñâÏÇ¨Ïù¥Î¶Ñ,ÌñâÏÇ¨ Í∏∞Í∞Ñ (ÏãúÏûë),ÌñâÏÇ¨ Í∏∞Í∞Ñ (Ï¢ÖÎ£å),ÌñâÏÇ¨Ï¢ÖÎ•ò,subevent Î∞úÌëúÏûê/NFT Artist,subevent ÎÇ¥Ïö©/NFT Ïù¥Î¶Ñ,subevent Ïπ¥ÌÖåÍ≥†Î¶¨,Î¶¨Î∑∞ Ï∂úÏ≤ò,,ÎåÄÌëúÏù¥ÎØ∏ÏßÄ,ÏÑ∏Î∂Ä ÎÇ†Ïßú,ÏÑ∏Î∂Ä ÏãúÍ∞Ñ,Î¶¨Î∑∞ reward,Î¶¨ÏÑúÏ≤ò reward,ÏΩîÎ©òÌä∏ reward
id,event_title,event_start,event_end,event_type,subevent_presenter,subevent_title,subevent_category,subevent_src,,event_img,subevent_date,subevent_time,reviewer_reward,researcher_reward,commenter_reward
1,2022 ETH Denver,2022.02.11,2022.02.20,Hackathon,Niran Babalola(Panvala ÏÑ§Î¶ΩÏûê),Í≥µÍ≥µÏû¨ÌîÑÎ°úÏ†ùÌä∏ÏôÄ ÌôúÎèôÏßÄÏõêÏùÑ ÏúÑÌïú DAO ÏÇ¨Ïö©,DAO,https://medium.com/coinmonks/eth-denver-web3-and-the-decentralized-league-of-superheroes-432b29c061e3 ,,https://drive.google.com/file/d/1EEYx03Sl9sHx7zauZvO2dg-XwfKSLQEg/view?usp=sharing,2022.02.15,10:00,50,25,12.5
2,2022 ETH Denver,,,," Sean Li(CEO of Magic), Maricris Bonzo (DA) and Hunter Cote (CSE)",How to Build DApps for Mainstream Adoption,Tech,https://cryptoslate.com/7-unmissable-learning-sessions-at-ethdenver-2022/,,https://drive.google.com/file/d/1zIqHSk-XGkstm2H6yuBx-4JESCuXBejx/view?usp=sharing,2022.02.15,11:00,50,25,12.5
3,2022 ETH Denver,,,,Johnny Wu(Namebase),BUIDL on decentralized Handshake domain names,Tech,https://www.reddit.com/r/ethereum/comments/szlauq/the_redacted_ethdenver_2022_report/ ,,https://drive.google.com/file/d/1vo9EBry5Zlhd-c7Cg_gPtnj9SIjZNV4t/view?usp=sharing,2022.02.15,12:00,50,25,12.5
4,2022 ETH Denver,,,,"Gregory Zaitsev, CTO Unique Network",Build an NFT marketplace in 1 hour,NFT,https://twitter.com/Sebasti99045792/status/1492662103039262720,,https://drive.google.com/file/d/1cpe78OfIl-3r1W2mqDUl91yUpVhzdf7s/view?usp=sharing,2022.02.15,13:00,50,25,12.5
5,2022 ETH Denver,,,,Jay Freeman,The Web3 Infrastructure beyond Smart Contract,Tech,https://twitter.com/wojtekwtf/status/1492164101925134341 ,,https://drive.google.com/file/d/14oKcIV1pDEGlEgG_Ql6SQsX_1ZgX8Vi0/view?usp=sharing,2022.02.18,9:40,50,25,12.5
6,2022 ETH Denver,,,,EPNS (Ethereum Push Notification Service),Intro to Web3's Communication Protocol,Tech, https://twitter.com/akshayjain865/status/1536284280523202561 ,,https://drive.google.com/file/d/16bVk7L7Toaqc-cdcg6TLl7-kpB7MwDxx/view?usp=sharing,2022.02.14,13:00,50,25,12.5
7,2022 ETH Denver,,,,Balance,How to Build for iOS Mobile Wallets,Wallet,https://twitter.com/arbitrumalex/status/1490478259645169664,,https://drive.google.com/file/d/1NFEufTObi9bBoTxeVUCZv_WyeSx922X9/view?usp=sharing,2022.02.17,10:00,50,25,12.5
8,2022 ETH Denver,,,,"Benjamin Kurrek, Co-Founder of Fayyr",NEAR NFTs Workshop in Rust,NFT, https://tradingbtc.com/2022/02/18/web3-is-a-mulligan-for-us-says-constellation-network-co-founder/,,https://drive.google.com/file/d/1mf8xy1Cjhv9bTJ8mZrMedBrQIwOVKjWQ/view?usp=sharing,2022.02.19,10:00,50,25,12.5
9,2022 ETH Denver,,,,Vitalik Buterin,Steps to the Digital State & Open AMA,Tech,"(1) grace.btc·µç·µê on Twitter: ""Vitalik talking about @mineCityCoins and @MiamiCoinWallet as examples of crypto working with city government #ETHDenver2022 https://t.co/v0dC1l3V9G"" / Twitter ",,https://drive.google.com/file/d/1C04MH4Agb4SKrb8MYBLQuilY5GDCLikt/view?usp=sharing,2022.02.18,10:00,50,25,12.5
10,2022 ETH Denver,,,,Andrew Yang,Web3 in politics and Lobby3,Layer,https://medium.com/mousebelt/ethdenver-2022-proves-once-again-that-crypto-isnt-going-anywhere-68262ebe8f0b  ,,https://drive.google.com/file/d/10EANFQQcwBno1lVYHtUqG6eOjsqORDeu/view?usp=sharing,2022.02.19,11:00,50,25,12.5
11,2022 ETH Denver,,,,Evin McMullen,The Off-Chain Internet,Layer,https://twitter.com/EthereumDenver/status/1495103336793743363 ,,https://drive.google.com/file/d/1q7Ul0W2HS-5_uqMy9fyulOLcJbmeOWQ8/view?usp=sharing,2022.02.19,12:00,50,25,12.5
12,2022 ETH Denver,,,,"Cayman Nava,MacKenzie Sigalos,Alex Stokes,Preston Van Loon",The Road to Ethereum 2.0,Layer,https://twitter.com/myetherwallet/status/1496956165300928518 ,,https://drive.google.com/file/d/1C-rIKlSdLU5iGR9f0UqBCrrv-Fbiwl3H/view?usp=sharing,2022.02.17,11:00,50,25,12.5
13,2022 ETH Denver,,,,Danny Ryan,Ethereum PoS and Our Solar Punk Future,Layer,https://www.reddit.com/r/ethereum/comments/szlauq/the_redacted_ethdenver_2022_report/  ,,https://drive.google.com/file/d/1fx1py1rJLRTaaLCkadVNJNVt945JKU6_/view?usp=sharing,2022.02.18,12:00,50,25,12.5
14,2022 ETH Denver,,,,Erik Voorhees and Kevin Owocki,Transcending Individualism and Collectivism,Tech,https://twitter.com/PallerJohn/status/968184220165201920,,https://drive.google.com/file/d/10EANFQQcwBno1lVYHtUqG6eOjsqORDeu/view?usp=sharing,2022.02.18,14:00,50,25,12.5
15,2022 ETH Denver,,,,David Hoffman,Crypto is Here to Set You Free,Tech,https://twitter.com/CaptDeFi/status/1500968664472121344,,https://drive.google.com/file/d/1WfKvypC041ryStKBoeBaGF7MthL0qto2/view?usp=sharing,2022.02.18,15:00,50,25,12.5
16,2022 ETH Denver,,,,Tracheopteryx,How to Contribute to DAOs,DAO,https://twitter.com/nidz11t/status/1506933159035813901,,https://drive.google.com/file/d/1ore8Zsc2dhjmYomS4Wi05oniRmqgaWa_/view?usp=sharing,2022.02.18,16:00,50,25,12.5
17,2021 ETH Denver,2021.02.05,2021.02.12,Hackathon,Anatoly Ressin(PARSIQ chief Architect),client-side blockchain Co-Routines,Tech,https://medium.com/parsiq/ethdenver-2021-review-bounty-winners-491e0f62b9b4,,https://drive.google.com/file/d/1H-CtNUy3hxqWO9ZnC1YYvuACY1RBMJaA/view?usp=sharing,2021.02.05,10:00,50,25,12.5
18,2021 ETH Denver,,,,Anatoly Ressin(PARSIQ chief Architect),discuss interoperability challenges of Multi-Chain Realities,Layer,https://twitter.com/Prqsquad/status/1357376501780537344,,https://drive.google.com/file/d/1H-CtNUy3hxqWO9ZnC1YYvuACY1RBMJaA/view?usp=sharing,2021.02.09,11:20,50,25,12.5
19,2021 ETH Denver,,,,"Dr. Steven Waterhouse, Orchid",Decentralization is the New Encryption,Tech,https://twitter.com/OrchidProtocol/status/1358522516747259910,,https://drive.google.com/file/d/1UfbsXcc3-Y4ccQxQu1fZZBwbowIjKiw1/view?usp=sharing,2021.02.11,15:40,50,25,12.5
20,2021 ETH Denver,,,,Jared Polis,advance use cases of blockchain technology adoption to improve the lives of Coloradans and promote the public good,Tech,https://twitter.com/seven7hwave/status/1357769562037514240?ref_src=twsrc%5Etfw%7Ctwcamp%5Etweetembed&ref_url=https%3A%2F%2Fwww.notion.so%2F5be51bc9fbf842098aa1c442f7a0d2f5,,https://drive.google.com/file/d/1h3g_oYCBVqWInuiwYIezYAhTjCdx2M2L/view?usp=sharing,2021.02.06,11:00,50,25,12.5
21,2021 ETH Denver,,,,Do Kwon and Kent Barton,"synthetic Asset,Payments, and Saving with Stablecoins",Defi,https://twitter.com/snaaacky/status/1358403288820051969?ref_src=twsrc%5Etfw%7Ctwcamp%5Etweetembed&ref_url=https%3A%2F%2Fwww.notion.so%2F5be51bc9fbf842098aa1c442f7a0d2f5,,https://drive.google.com/file/d/1hL1uWAZHsLwWIappgyLQ_TOV1HUv1lOL/view?usp=sharing,2021.02.07,10:00,50,25,12.5
22,2021 ETH Denver,,,,Richard Burton,Designing for DeFi,Defi,https://twitter.com/MarinaSpindler/status/1359240705537953793?ref_src=twsrc%5Etfw%7Ctwcamp%5Etweetembed&ref_url=https%3A%2F%2Fwww.notion.so%2F5be51bc9fbf842098aa1c442f7a0d2f5,,https://drive.google.com/file/d/1t_vjGEbreImowmPXwJnjihdDR_jMELec/view?usp=sharing,2021.02.10,10:00,50,25,12.5
23,2021 ETH Denver,,,,"Illia, David Roon,James Young,NiMA",New Standards for DAOs,DAO,https://twitter.com/mintgate_io/status/1359924968096677891?ref_src=twsrc%5Etfw%7Ctwcamp%5Etweetembed&ref_url=https%3A%2F%2Fwww.notion.so%2F5be51bc9fbf842098aa1c442f7a0d2f5,,https://drive.google.com/file/d/1GyeLr-m-GBA2Ri247UhvI2JwzYDE_GuT/view?usp=sharing,2021.02.12,19:00,50,25,12.5
24,2021 ETH Denver,,,,"Neeraj Agrawal, Jerry Brito, Jai Massari, Peter Van Valkenburgh, Preston Byrne",The State of Crypto Regulation,etc,https://twitter.com/NeerajKA/status/1361050216846270464?ref_src=twsrc%5Etfw%7Ctwcamp%5Etweetembed&ref_url=https%3A%2F%2Fwww.notion.so%2F5be51bc9fbf842098aa1c442f7a0d2f5,,https://drive.google.com/file/d/1Ydl6oO-262F7ZYyD3KPwOkH2HnONAAGI/view?usp=sharing,2021.02.15,10:00,50,25,12.5
25,2021 ETH Denver,,,,"oel Thorstensson, Ceramic",Standards of Encrypted and Mutable Data on IPFS,Tech,https://twitter.com/Brent_Shambaugh/status/1382441699847278597,,https://drive.google.com/file/d/1rShUBUe0HKE_UW9_4SgdMqnJkjmAtna-/view?usp=sharing,2021.02.11,14:00,50,25,12.5
26,2021 ETH Denver,,,,"Eric Schiermeyer, Jason Brink",Spawn Camping Old School Gaming,P2E,"https://twitter.com/XrP_Vessel/status/1358570970932518915?ref_src=twsrc%5Etfw%7Ctwcamp%5Etweetembed&ref_url=https%3A%2F%2Fwww.notion.so%2F5be51bc9fbf842098aa1c442f7a0d2f5, ",,https://drive.google.com/file/d/1zWxPric1etYKwwqL_GZ9o1u8cjBUMzPx/view?usp=sharing,2021.02.08,13:00,50,25,12.5
27,NFT.NYC 2022,2022.06.20,2022.06.23,NFT Conference,Ivan Soto-Wright(Moonpay),"Utility NFTs, The Future of Web3",NFT,https://xangle.io/research/62b98cb91c3e2a4fb7d3fe2d,,https://drive.google.com/file/d/1t-Hf6x97Zsc2dXPdX7lF8--c_lpkxQB8/view?usp=sharing,2022.06.20,9:00,50,25,12.5
28,NFT.NYC 2022,,,,"William Quigley(Wax), Sebastien Borget(Sandbox)",NFT 2.0: The Evolution Of Digital Assets from Gaming To Commerce,NFT,https://twitter.com/BlockTelegraph/status/1538988798859788288,,https://drive.google.com/file/d/1u87Q2If-XzWXhTRZ2-U7WLXE8iXzVUUC/view?usp=sharing,2022.06.20,10:00,50,25,12.5
29,NFT.NYC 2022,,,,David Pakman(Coinfund),The State of NFTs,NFT,https://twitter.com/1ShrayGoel/status/1539258114859585545,,https://drive.google.com/file/d/1F-SMhLqlInQW2aa3DMG-kzfDtxnx_ine/view?usp=sharing,2022.06.20,11:00,50,25,12.5
30,NFT.NYC 2022,,,,Goblintown Party ,After party,NFT,https://twitter.com/willONEeye/status/1539365952562909186?ref_src=twsrc%5Etfw%7Ctwcamp%5Etweetembed%7Ctwterm%5E1539365952562909186%7Ctwgr%5E961f4c42d72a652bb05bfd504b4890bed199eab6%7Ctwcon%5Es1_&ref_url=https%3A%2F%2Fcryptosaurus.tech%2Fcrypto-responds-to-nft-nyc-conference-the-bad-and-the-ugly%2F https://twitter.com/fewocious/status/1539362032776011786?ref_src=twsrc%5Etfw%7Ctwcamp%5Etweetembed%7Ctwterm%5E1539362032776011786%7Ctwgr%5E961f4c42d72a652bb05bfd504b4890bed199eab6%7Ctwcon%5Es1_&ref_url=https%3A%2F%2Fcryptosaurus.tech%2Fcrypto-responds-to-nft-nyc-conference-the-bad-and-the-ugly%2F  https://twitter.com/carlosgil83/status/1540547176971091968?ref_src=twsrc%5Etfw%7Ctwcamp%5Etweetembed%7Ctwterm%5E1540747840938340353%7Ctwgr%5E961f4c42d72a652bb05bfd504b4890bed199eab6%7Ctwcon%5Es2_&ref_url=https%3A%2F%2Fcryptosaurus.tech%2Fcrypto-responds-to-nft-nyc-conference-the-bad-and-the-ugly%2F  https://twitter.com/carlosgil83/status/1540547176971091968?ref_src=twsrc%5Etfw%7Ctwcamp%5Etweetembed%7Ctwterm%5E1540747840938340353%7Ctwgr%5E961f4c42d72a652bb05bfd504b4890bed199eab6%7Ctwcon%5Es2_&ref_url=https%3A%2F%2Fcryptosaurus.tech%2Fcrypto-responds-to-nft-nyc-conference-the-bad-and-the-ugly%2F,,https://drive.google.com/file/d/1oJkLMi1vl6Eis5F1iC8NZ4k3kW-_SXet/view?usp=sharing,2022.06.20,13:00,50,25,12.5
31,NFT.NYC 2022,,,,Marlon Portales,Exhibition,NFT,https://twitter.com/HPictur/status/1542251140301168645?ref_src=twsrc%5Etfw%7Ctwcamp%5Etweetembed&ref_url=https%3A%2F%2Fwww.notion.so%2F5be51bc9fbf842098aa1c442f7a0d2f5,,https://drive.google.com/file/d/1lCc_zTj8axHXmXv6b3WF8FTNvisGfAxU/view?usp=sharing,2022.06.20,14:00,50,25,12.5
32,NFT.NYC 2022,,,,BAYC,pfp project show,NFT,https://twitter.com/HPictur/status/1542251140301168645?ref_src=twsrc%5Etfw%7Ctwcamp%5Etweetembed&ref_url=https%3A%2F%2Fwww.notion.so%2F5be51bc9fbf842098aa1c442f7a0d2f5,,https://drive.google.com/file/d/1VWWDG27oXVRKCxQoUjq5cwEl7U5zdDCQ/view?usp=sharing,2022.06.21,9:00,50,25,12.5
33,NFT.NYC 2022,,,,trent north(nft artist),last stop,NFT,https://twitter.com/exlawyernft/status/1542253194671058944?ref_src=twsrc%5Etfw%7Ctwcamp%5Etweetembed&ref_url=https%3A%2F%2Fwww.notion.so%2F5be51bc9fbf842098aa1c442f7a0d2f5,,https://drive.google.com/file/d/1Ye9J-Kw7yYklSGjN80eq1zLFPNO0iCiR/view?usp=sharing,2022.06.21,10:00,50,25,12.5
34,NFT.NYC 2022,,,,trent north(nft artist),final Voyage,NFT,https://docs.troika.io/i-attended-nft-nyc-2021-heres-my-review/,,https://drive.google.com/file/d/1VNRQw81unnnlDUOjBXVKU8YSNONYYqKz/view?usp=sharing,2022.06.21,11:00,50,25,12.5
35,NFT.NYC 2022,,,,Irvin kwok(nft artist),Ringers Twist series,NFT,https://twitter.com/BabaBrouk/status/1542227041696620544?ref_src=twsrc%5Etfw%7Ctwcamp%5Etweetembed&ref_url=https%3A%2F%2Fwww.notion.so%2F5be51bc9fbf842098aa1c442f7a0d2f5,,https://drive.google.com/file/d/1_hXyFUDj0Hl7AggGeSt-1axd8B1mguN1/view?usp=sharing,2022.06.21,13:00,50,25,12.5
36,NFT.NYC 2022,,,,pop in motion(nft artist),life's a carnival,NFT,https://cryptosaurus.tech/crypto-responds-to-nft-nyc-conference-the-bad-and-the-ugly/,,https://drive.google.com/file/d/1rMhGL7LCSPdMdfCpLvVpcZDuDdD9bJyL/view?usp=sharing,2022.06.21,14:00,50,25,12.5
37,NFT.NYC 2022,,,,pop in motion(nft artist),New York Edition,NFT,https://twitter.com/vissyarts/status/1540368892475973634?ref_src=twsrc%5Etfw%7Ctwcamp%5Etweetembed%7Ctwterm%5E1540389084417466368%7Ctwgr%5E961f4c42d72a652bb05bfd504b4890bed199eab6%7Ctwcon%5Es2_&ref_url=https%3A%2F%2Fcryptosaurus.tech%2Fcrypto-responds-to-nft-nyc-conference-the-bad-and-the-ugly%2F,,https://drive.google.com/file/d/1wixaNqzNZ44vmb_OrXHDNVOpVqSA6vun/view?usp=sharing,2022.06.22,9:00,50,25,12.5
38,NFT.NYC 2022,,,,Lans King,the concepts behind his brainscan art at NFT NYC,NFT,https://www.tooploox.com/5-hottest-takeaways-from-the-nft-nyc-2021-conference,,https://drive.google.com/file/d/1QjJEbLmGBLiYq-cOhlv9IbnPZS48Hjme/view?usp=sharing,2022.06.22,10:00,50,25,12.5
39,NFT.NYC 2022,,,,Jake Stjepanovic,the NFT conversation,NFT,https://news.artnet.com/market/why-was-nft-nyc-so-boring-2136620,,https://drive.google.com/file/d/1ozsa3qpDAoa2mPQC2eo-AApvun9Fo4GJ/view?usp=sharing,2022.06.22,11:00,50,25,12.5
40,NFT.NYC 2022,,,,Burnetta Thomas,How to Establish Your NFT Brand,NFT,https://twitter.com/JaduAVAs/status/1542191488594980865?ref_src=twsrc%5Etfw%7Ctwcamp%5Etweetembed&ref_url=https%3A%2F%2Fwww.notion.so%2F5be51bc9fbf842098aa1c442f7a0d2f5,,https://drive.google.com/file/d/1kMRG1EY5up9RS5Mls6isBNeEANW8PZOf/view?usp=sharing,2022.06.22,13:00,50,25,12.5
41,NFT.NYC 2021,2021.11.01,2021.11.05,NFT Conference,"Garyvee(VaynerX), Matt Kalish(DraftKings)",The Dark Side of Investing in Anything,NFT,https://twitter.com/galaxy_adams/status/1458631500505747459?ref_src=twsrc%5Etfw%7Ctwcamp%5Etweetembed&ref_url=https%3A%2F%2Fwww.notion.so%2F5be51bc9fbf842098aa1c442f7a0d2f5,,https://drive.google.com/file/d/1Zd9bxmnaR1E5UTislEovoFwOfiWZwFjb/view?usp=sharing,2021.11.01,11:30,50,25,12.5
42,NFT.NYC 2021,,,,Pablo Stanley(NFT Artist),Robot NFT,NFT,https://twitter.com/charliedbrooks/status/1457857307723788291?ref_src=twsrc%5Etfw%7Ctwcamp%5Etweetembed&ref_url=https%3A%2F%2Fwww.notion.so%2F5be51bc9fbf842098aa1c442f7a0d2f5,,https://drive.google.com/file/d/1_V4OiM1SmXj7Os-2djLRGIrsYey-w9gk/view?usp=sharing,2021.11.03,9:30,50,25,12.5
43,NFT.NYC 2021,,,,Gary Vaynerchuk,Vary vee fireside chat with Jodee Rich,NFT,https://medium.com/a41-ventures/event-nft-nyc-%ED%9B%84%EA%B8%B0-nyc%EC%9D%98-%EC%A4%91%EC%8B%AC%EC%97%90%EC%84%9C-nft%EB%A5%BC-%EC%99%B8%EC%B9%98%EB%8B%A4-43002e7dd055,,https://drive.google.com/file/d/1U5RQaD0PhMQ9h-Wdzso9xoCdo-y3XGQi/view?usp=sharing,2021.11.01,13:30,50,25,12.5
44,NFT.NYC 2021,,,,Quentin Tarantino(NFT Artist),Pulo Fiction(NFT),NFT,https://medium.com/a41-ventures/event-nft-nyc%EA%B0%80-%EC%95%84%EB%8B%8C-%EA%B7%B8%EB%83%A5-nyc%EC%97%90-%EB%8B%A4%EB%85%80%EC%99%80%EC%84%9C-%EC%9B%B93%EC%9D%84-%EB%A7%90%ED%95%98%EB%8B%A4-bcd34a27ccc8,,https://drive.google.com/file/d/1Var-WziNgdU1DMfbHbqKUTEppkoOFS8z/view?usp=sharing,2021.11.03,10:30,50,25,12.5
45,NFT.NYC 2021,,,,Sebastien( the Sandbox),NFTs are paving the way to the Future of Gaming in Virtual World,NFT,https://twitter.com/reperger/status/1456267005611307025,,https://drive.google.com/file/d/1t-JB1IfMiwFF5ivL91pK8a1x5u3HBZzK/view?usp=sharing,2021.11.03,13:30,50,25,12.5
46,NFT.NYC 2021,,,,David Pakman(Coinfund),Gamifying the Blockchain,NFT,https://time.com/6115274/nft-conference-parties-culture/,,https://drive.google.com/file/d/1BUt2Iuw52bYg1Q9CCtpF2KjSkehJ00yy/view?usp=sharing,2021.11.01,9:30,50,25,12.5
47,NFT.NYC 2021,,,,"Alexander Mazzei, Adrea Bonaceto, David All, Jad Esber, Stephen Hadeed Jr, Miguel Angel Romero","Change, Impact &NFTs",NFT,https://nftnyc.medium.com/nftnyc2021-highlights-bd02bf2860be,,https://drive.google.com/file/d/1AerltGAGUplAX_DT2T9hXcdnUZu_d89r/view?usp=sharing,2021.11.01,10:30,50,25,12.5
48,NFT.NYC 2021,,,,Isla Perfito,NFT art with solana and sao,NFT,https://twitter.com/mattjohnpage/status/1456930472156549121,,https://drive.google.com/file/d/1zhMKGz4vuvR02_2cEf2xvueMlnQCk6oF/view?usp=sharing,2021.11.02,17:30,50,25,12.5
49,NFT.NYC 2021,,,,Alexis ohanian,Web3 fells like building Reddit all over again,NFT,https://www.artnews.com/art-news/news/nft-nyc-conference-parties-1234609312/,,https://drive.google.com/file/d/11sI4ZI5-QVss4dtwQCKI__CNujLW3laE/view?usp=sharing,2021.11.03,11:30,50,25,12.5
50,NFT.NYC 2021,,,,John Paller of Opolis,NFTs and self-sovereign workers,NFT,https://nftnyc.medium.com/nftnyc2021-highlights-bd02bf2860be,,https://drive.google.com/file/d/19uHX8257AfzpNbVxJRYST5ZEEDgHOvTk/view?usp=sharing,2021.11.04,15:30,50,25,12.5
51,2022 KBW,2022.08.07,2022.08.14,Conference,Seonik Jeon,ÏΩîÎ¶¨ÏïÑ Î∏îÎ°ùÏ≤¥Ïù∏ ÏúÑÌÅ¨: Ïõπ3.0ÏùÑ Ìñ•ÌïòÏó¨,Tech,https://www.techm.kr/news/articleView.html?idxno=100222,,https://drive.google.com/file/d/1CdM-5CXhN5r-tTxtARSwkAkNBDUDT6_5/view?usp=sharing,2022.08.08,10:20,50,25,12.5
52,2022 KBW,,,,Vitalik Buterin,Ìè¨Ïä§Ìä∏ Î®∏ÏßÄ: Ïù¥ÎçîÎ¶¨ÏõÄÏùò ÎØ∏Îûò,Layer,https://twitter.com/KyosukeIyama/status/1556460245945200641,,https://drive.google.com/file/d/1BmXaC4X0aGeMPEDJSllWCWMowWkKY4Aa/view?usp=sharing,2022.08.08,10:45,50,25,12.5
53,2022 KBW,,,,Matt sorg,ÏÜîÎùºÎÇòÏôÄ Í≤åÏûÑ,layer1,https://twitter.com/AlasdGem/status/1556476850083229696,,https://drive.google.com/file/d/1sAXhnsPmDJWTR7GI9Q4ICV3kBU-wGayb/view?usp=sharing,2022.08.08,11:15,50,25,12.5
54,2022 KBW,,,,Sam Seo,Î©îÌÉÄÎ≤ÑÏä§ ÏÑ∏ÏÉÅÏùÑ ÎßåÎì§Ïñ¥Í∞à Í∏∞Ïà† ÌòÅÏã†,P2E,https://www.fnnews.com/news/202208081229011143,,https://drive.google.com/file/d/1BjjFfEQ2kh_kjU7esl2D3QWDE7iut9o_/view?usp=sharing,2022.08.08,11:45,50,25,12.5
55,2022 KBW,,,,"Edward Tan, Alex Svanevik, Aurelie Boiteux",Ïò®Ï≤¥Ïù∏ Îç∞Ïù¥ÌÑ∞Î•º ÌÜµÌïú ÌÅ¨Î¶ΩÌÜ† ÎåÄÏ§ëÌôî,Wallet,https://cointelegraph.com/news/ethereum-merge-may-lessen-usage-for-other-chains-says-nansen-ceo-kbw-2022,,https://drive.google.com/file/d/1oAFP-XzSQq9SGRdWzcedR9LWl5eRh-iP/view?usp=sharing,2022.08.08,12:15,50,25,12.5
56,2022 KBW,,,,"Illia Polosukhin, Alex Shevchenko",Îçî Ìì®Ï≤ò Ïù¥Ï¶à ÎãàÏñ¥,Layer,https://twitter.com/levi_chocolate/status/1555471546403405824,,https://drive.google.com/file/d/1oAFP-XzSQq9SGRdWzcedR9LWl5eRh-iP/view?usp=sharing,2022.08.08,1:45,50,25,12.5
57,2022 KBW,,,,"Ryan Kim, Griffin Anderson",ÏΩîÏä§Î™®Ïä§: ÏÉÅÌò∏Ïö¥Ïö©ÏÑ± ÏãúÎåÄÎ•º Ïù¥ÎÅÑÎäî ÏÇ¨ÎûåÎì§,Layer,https://twitter.com/SiwonLEE_/status/1556570258374152192,,https://drive.google.com/file/d/1gepe_DZs2mZ3jvDEne0b-5mePtzwxX2G/view?usp=sharing,2022.08.08,2:15,50,25,12.5
58,2022 KBW,,,,"Tak Lee, Sandeep Nailwal, Arpit Sharma",Ìè¥Î¶¨Í≥§: Ïõπ 3.0ÏùÑ ÏúÑÌïú AWS,Layer,https://twitter.com/metaversero/status/1556457584218894336,,https://drive.google.com/file/d/1VtSI1p9jKfsIc_s_JId-Zo4WUxwh0nhC/view?usp=sharing,2022.08.08,3:15,50,25,12.5
59,2022 KBW,,,,Ismail Khoffi,Î™®ÎìàÎü¨ Î∏îÎ°ùÏ≤¥Ïù∏: Í∂ÅÍ∑πÏùÑ Ìñ•Ìïú ÌîÑÎ†àÏûÑÏõåÌÅ¨,Tech,https://twitter.com/dabit3/status/1556551326183690240,,https://drive.google.com/file/d/1vg8qKunzpDyMV_pUYRRspIwuUyPjHdp7/view?usp=sharing,2022.08.08,4:45,50,25,12.5
60,2022 KBW,,,,Kevin Sekniqi,Î∏îÎ°ùÏ≤¥Ïù∏Ïùò Ìè≠Î∞úÏ†Å ÌôïÏû•,Tech,https://twitter.com/scientiaax/status/1556592696151736321,,https://drive.google.com/file/d/19Ldw6cy7Ga96zlTZh3Xzi-sq2PLNPBY7/view?usp=sharing,2022.08.08,4:15,50,25,12.5
61,2021 KBW,2021.12.08,2021.12.08,Conference,Í¥ÄÎ†® Í∏∞ÏÇ¨,Í¥ÄÎ†® Í∏∞ÏÇ¨,etc,https://www.edaily.co.kr/news/read?newsId=01820406629276552&mediaCodeNo=257,,,2021.12.08,16:30,50,25,12.5
62,2021 KBW,,,,"ÍπÄÏÑúÏ§Ä,ÍπÄÏö∞ÏÑù,Ï†ÑÏÑ†Ïùµ","Î∏îÎ°ùÏ≤¥Ïù∏, ÌòÑÏã§Ïù¥ Îêú Í∏∞Ìöå",Tech,https://www.fnnews.com/news/202112101738239441,,https://drive.google.com/file/d/1AQ-hNAa6-HAD3uO64EZxwRUZX-9oOJvU/view?usp=sharing,2021.12.08,16:30,50,25,12.5
63,2021 KBW,,,,"ÏµúÏÑ±Ïõê,ÏµúÏö©Ìò∏,ÍπÄÏû¨ÏÑù,ÍπÄÎØºÏàò,ÏòàÏ§ÄÎÖï",WEB3 Í≤åÏûÑÍ≥º P2E,P2E,https://blog.naver.com/limjh30/222592443076,,https://drive.google.com/file/d/1Bq2df7Y4Qy-7tj7j8B_iKahGoLnZe_4M/view?usp=sharing,2021.12.08,16:30,50,25,12.5
64,BUIDL AISIA 2022,2022.08.04,2022.08.05,Confernece,Vitalik Buterin,The future of the Ethereum base layer,Layer,Most in Ethereum community will use L2 scalers: Vitalik Buterin (forkast.news),,https://drive.google.com/file/d/19aVG_K13NeM9V5V-qHjr5J8VxQAewfQg/view?usp=sharing,2022.08.04,10:10,50,25,12.5
65,BUIDL AISIA 2022,,,,Illia Polosukhin,Why Usability Matters: Mainstream Adoption on NEAR,Layer,http://www.coindeskkorea.com/news/articleView.html?idxno=80717,,https://drive.google.com/file/d/19hXJvq9eOL6uh_-hqVnhmXTHy0dAhviH/view?usp=sharing,2022.08.04,10:50,50,25,12.5
66,BUIDL AISIA 2022,,,,"Vitalik Buterin, Illia Polosukhin",Post-Merge: How the Merge affects L1 and L2 ecosystems,Layer,"(1) LPX | Evmos DAO on Twitter: ""Very bullish on #NEARProtocol, and of course, I don't think I have to mention anything about the GOAT himself. #BuidlAsia https://t.co/WnQFGBASRa"" / Twitter",,https://drive.google.com/file/d/19k_7INi8patEhimKoa2jQDVhL1On9bkH/view?usp=sharing,2022.08.04,11:20,50,25,12.5
67,BUIDL AISIA 2022,,,,Adrian Brink,Anoma - an intent-centric architecture for fully decentralized dApps,Layer,"Anoma Community Updates: August 2022 | by Robert | Anoma | Sep, 2022 | Medium",,https://drive.google.com/file/d/19hXJvq9eOL6uh_-hqVnhmXTHy0dAhviH/view?usp=sharing,2022.08.04,13:30,50,25,12.5
68,BUIDL AISIA 2022,,,,Noam Cohen,introduce of $Atom whitepaper 2.0        ,Layer,"(1) Imperator.co on Twitter: ""Want to know more about $ATOM 2.0? @Gnomeskiii gave us an introduction about what's coming in the Whitepaper 2.0 üëÄ üëâ New ATOM Monetary Policy üè¶ üëâ Public Goods üëâ Interchain services The #Cosmos Hub is shining at @buidl_asia, get ready ‚öõÔ∏è üá∞üá∑ https://t.co/lQagSB8ywp"" / Twitter",,https://drive.google.com/file/d/14ZfomZo8fShmvSXuooov7HWBn-Ivgsac/view?usp=sharing,2022.08.04,17:10,50,25,12.5
69,BUIDL AISIA 2022,,,,Jiyun Kim,Powering the next internet through building Web 3.0 essentials,Tech,https://twitter.com/WalletGuyMinho/status/1555186706735046656,,https://drive.google.com/file/d/1GfpRZoPszKi1Bmd7BlW99wC3w5Zk___l/view?usp=sharing,2022.08.04,15:20,50,25,12.5
70,BUIDL AISIA 2022,,,,Junghyn Colin Kim,Klaytn: The Metaverse Blockchain for All,P2E,https://klaytn.medium.com/whats-happening-in-korea-blockchain-week-2022-294787deeb1c?source=user_profile---------4----------------------------,,https://drive.google.com/file/d/19uk0NLd7mKVrGTtmlJW2eMwstjpxcVpc/view?usp=sharing,2022.08.05,13:00,50,25,12.5
71,BUIDL AISIA 2022,,,,Nik Kunkel,MakerDAO: The Path Forward ,DAO,Xangle Visits KBW 2022: ‚ë† BUIDL Asia,,https://drive.google.com/file/d/1C7n5hcyUaGsR5loSw6mnq7zl4oxYjphc/view?usp=sharing,2022.08.05,13:20,50,25,12.5
72,BUIDL AISIA 2022,,,,Eli Ben-Sasson,StarkNet - Next Steps ,Layer,"(1) thumbparküìçüá∞üá∑Seoul, Korea on Twitter: ""‚ÄºÔ∏èAlpha drop‚ÄºÔ∏è STARK Scaling and StarkNet Next Steps by @EliBenSasson Developers First üë®‚Äçüíªüë©‚Äçüíª Let's keep building üëèüëè @StarkWareLtd @Starknet_Intern @buidl_asia https://t.co/qE5DFaSUku"" / Twitter",,https://drive.google.com/file/d/1xcuyFUfwbj1VeCTp81K10JkFYzwyjGK6/view?usp=sharing,2022.08.04,13:00,50,25,12.5
73,BUIDL AISIA 2022,,,,Alex Pruden,ZK Crypto + Next Digital Revolution ,Layer,"(1) Anoma on Twitter: """"I think the biggest hurdle for mass adoption is that no sane government is going to let their financial system be fully transparent.. We need both scale and privacy in order to get to mass adoption."" @adrian_brink with @apruden08, @EliBenSasson &amp; @jane0mac at @buidl_asia https://t.co/wsO4C2qfAy"" / Twitter",,https://drive.google.com/file/d/1vDa50bi9XHVVxR08TDpJ2WvRxTyayLA3/view?usp=sharing,2022.08.05,16:20,50,25,12.5
74,ETH Seoul 2022,2022.08.05,2022.08.13,Hackathon,Vitalik Buterin,ETH Seoul: Ideas for things worth building,Layer,https://www.coindesk.com/tech/2022/08/10/at-ethseoul-ethereum-developers-turn-attention-to-privacy-and-users/,,https://drive.google.com/file/d/1AlkfxVKMS_8R-mgYdYb4G8kgIUAUPRdZ/view?usp=sharing,2022.08.06,10:00,50,25,12.5
75,ETH Seoul 2022,,,,Adrian Brink,Anoma - an intent-centric architecture for fully decentralized dApps,Layer,"Anoma Seoul Round-up: August 2022 | by Robert | Anoma | Aug, 2022 | Medium",,https://drive.google.com/file/d/1IHi19glFT70wzXgRy-vNqn_32q7I--XZ/view?usp=sharing,2022.08.06,11:00,50,25,12.5
76,ETH Seoul 2022,,,,Camila Ramos Garzon,The web3 stack: building fullstack dapp,Tech,https://twitter.com/Kyrylo22/status/1556553260122734592?s=20&t=BWxVbz_qWWTVnnjMt4Q1xw,,https://drive.google.com/file/d/184o4s6qigfNWSu4eJakFdPdNuS1Udegx/view?usp=sharing,2022.08.06,13:00,50,25,12.5
77,ETH Seoul 2022,,,,Illila Polosukhin,Near:Building for Usability,Layer,"(1) LG | Nearlend DAO on Twitter: ""@NearKoreaDAO @eth_seoul_ @ilblackdragon @Coiniseasy @NEARProtocol $NEAR forever love!!!!"" / Twitter",,https://drive.google.com/file/d/1kzeLj8sFLG05D9VDoVZQZkrMVI8szKlj/view?usp=sharing,2022.08.07,10:30,50,25,12.5
78,ETH Seoul 2022,,,,Mike Blank,Polygon: Bringing Web3 to the masses,Layer,"(1) ETH Seoul (August 5-7, 2022) on Twitter: ""Mike Blank of @0xPolygon is on the stage at ETH Seoul! https://t.co/cysKdgWRXq"" / Twitter",,https://drive.google.com/file/d/1jEASFgOmvKcsDDR5R11juctrI5vidoVb/view?usp=sharing,2022.08.07,13:00,50,25,12.5
79,ETH Seoul 2022,,,,Nick Kozlov,Deep dive into 1inch Swap and Limit order API,Tech,https://twitter.com/HGeralda/status/1556641006472335360,,https://drive.google.com/file/d/1wQDPCJ4gQFf2AQdx3ffzUInhVhM5bgsi/view?usp=sharing,2022.08.07,13:30,50,25,12.5
80,ETH Seoul 2022,,,,Taeyeon Kim,What's your intention: Diversity & Inclusion in Web3 (KOR),Tech,https://twitter.com/KryptoKittyAPAC/status/1556151137535131648,,https://drive.google.com/file/d/1BOlsbCA55jnJWLHKGuYagm8mCqtE-eBr/view?usp=sharing,2022.08.07,14:00,50,25,12.5
81,ETH Seoul 2022,,,,Doo Wan Nam,How NOT to build a DAO,DAO,https://twitter.com/jaemin_eth/status/1557377284088029184,,https://drive.google.com/file/d/1BOlsbCA55jnJWLHKGuYagm8mCqtE-eBr/view?usp=sharing,2022.08.07,15:00,50,25,12.5
82,ETH Seoul 2022,,,,"guiltygyoza, Kunho Kim",What is Onchain Reality,Wallet,"(1) Topology on Twitter: ""9/10 Please also check out @guiltygyoza's blog post, Game 2.0 in schematics: https://t.co/jjAvy3FXv0"" / Twitter",,https://drive.google.com/file/d/1ogz__KOppM5RHbofVHjS4VXzi5lZ-Iau/view?usp=sharing,2022.08.06,16:30,50,25,12.5
83,ETH Seoul 2022,,,,Alex pruden,"The Aleo Advantage: Enabling Private, Scalable Applications in Web3",Layer,https://twitter.com/crypto__summer/status/1557551777255653376,,https://drive.google.com/file/d/1A_2NHSbOGugHX8YBJctaLvyJyNTBGAYo/view?usp=sharing,2022.08.06,10:30,50,25,12.5
84,Blockchain Expo Europe,2022.09.20,2022.09.21,Conference,Rachel Pipan,Chairperson‚Äôs Welcome ‚Äì An Introduction to Blockchain in Enterprise,Tech,,,https://drive.google.com/file/d/1Bx5GNEQiiLc13Qj0hMGZK3SlBdV7egWK/view?usp=sharing,2022.09.20,10:00,50,25,12.5 
85,Blockchain Expo Europe,,,,Rhett Oudkerk Pool,"Afternoon Keynote Presentation: Web3, where are we and how will we scale globally?",Tech,,,https://drive.google.com/file/d/1Xn3iqup7zPPrLaPvuhMIpo6wH74Fyg_a/view?usp=sharing,2022.09.20,12:00,50,25,12.5
86,Blockchain Expo Europe,,,,Callum Wheeler,Presentation: RenewaBlox: The ESG of Bitcoin mining,Tech,,,https://drive.google.com/file/d/1XAOURgpk9t-prdRLqGJOT3NTAZcHGTuh/view?usp=sharing,2022.09.20,14:00,50,25,12.5
87,Blockchain Expo Europe,,,,Abhijeet Sharma,Presentation: Enterprise use Case ‚Äì Blockchain for Sustainability ‚Äì Building Better Behaviours,Tech,,,https://drive.google.com/file/d/1UazdDvUBovuCRdZMyghXXFVDUq7EBFTZ/view?usp=sharing,2022.09.20,16:00,50,25,12.5
88,Blockchain Expo Europe,,,,Christian Gleich,Chairperson‚Äôs Welcome: An Introduction to Cryptocurrency and Digital Assets in 2022,Tech,,,https://drive.google.com/file/d/1TyTABCILDfadNh8vqDzUMkk6JyvzJLrR/view?usp=sharing,2022.09.21,9:00,50,25,12.5
89,Blockchain Expo Europe,,,,Sacha van Hoorn,Presentation: Riding Two Bulls,Tech,,,https://drive.google.com/file/d/1_6ZIMoMUj5Su2oMIPFTeRtz8wW8iIQW4/view?usp=sharing,2022.09.21,11:00,50,25,12.5
90,Blockchain Expo Europe,,,,Gerben Kijne,Presentation: Patchwork Kingdoms: How NFTs can give more children the chance to learn online,Tech,,,https://drive.google.com/file/d/1NjQJ4xL6tdDvFecsaAbsmGGOdg0B3_KM/view?usp=sharing,2022.09.21,13:00,50,25,12.5